{
  "project_info": {
    "project_number": "131390803654",
    "project_id": "my-app-296d4",
    "storage_bucket": "my-app-296d4.appspot.com"
  },
  "client": [
    {
      "client_info": {
        "mobilesdk_app_id": "1:131390803654:android:e34e564651869d91fd91c7",
        "android_client_info": {
          "package_name": "com.example.agrover_fyp"
        }
      },
      "oauth_client": [],
      "api_key": [
        {
          "current_key": "AIzaSyA-jGVhvd1XZDttL7CFAznq3Dzm9TsAuNU"
        }
      ],
      "services": {
        "appinvite_service": {
          "other_platform_oauth_client": []
        }
      }
    },
    {
      "client_info": {
        "mobilesdk_app_id": "1:131390803654:android:267b815b3dd683cdfd91c7",
        "android_client_info": {
          "package_name": "com.example.food_application"
        }
      },
      "oauth_client": [],
      "api_key": [
        {
          "current_key": "AIzaSyA-jGVhvd1XZDttL7CFAznq3Dzm9TsAuNU"
        }
      ],
      "services": {
        "appinvite_service": {
          "other_platform_oauth_client": []
        }
      }
    },
    {
      "client_info": {
        "mobilesdk_app_id": "1:131390803654:android:bb11bc76ae73c8cbfd91c7",
        "android_client_info": {
          "package_name": "com.example.myapp"
        }
      },
      "oauth_client": [],
      "api_key": [
        {
          "current_key": "AIzaSyA-jGVhvd1XZDttL7CFAznq3Dzm9TsAuNU"
        }
      ],
      "services": {
        "appinvite_service": {
          "other_platform_oauth_client": []
        }
      }
    },
    {
      "client_info": {
        "mobilesdk_app_id": "1:131390803654:android:1d39c93e65b1abeffd91c7",
        "android_client_info": {
          "package_name": "com.example.ntu_instant_delievery"
        }
      },
      "oauth_client": [],
      "api_key": [
        {
          "current_key": "AIzaSyA-jGVhvd1XZDttL7CFAznq3Dzm9TsAuNU"
        }
      ],
      "services": {
        "appinvite_service": {
          "other_platform_oauth_client": []
        }
      }
    },
    {
      "client_info": {
        "mobilesdk_app_id": "1:131390803654:android:7004943b5f68775efd91c7",
        "android_client_info": {
          "package_name": "com.example.test_app"
        }
      },
      "oauth_client": [],
      "api_key": [
        {
          "current_key": "AIzaSyA-jGVhvd1XZDttL7CFAznq3Dzm9TsAuNU"
        }
      ],
      "services": {
        "appinvite_service": {
          "other_platform_oauth_client": []
        }
      }
    },
    {
      "client_info": {
        "mobilesdk_app_id": "1:131390803654:android:ca5909b12a941b9cfd91c7",
        "android_client_info": {
          "package_name": "com.example.textile_defect_detection_app"
        }
      },
      "oauth_client": [],
      "api_key": [
        {
          "current_key": "AIzaSyA-jGVhvd1XZDttL7CFAznq3Dzm9TsAuNU"
        }
      ],
      "services": {
        "appinvite_service": {
          "other_platform_oauth_client": []
        }
      }
    },
    {
      "client_info": {
        "mobilesdk_app_id": "1:131390803654:android:29a7647fffd4f91efd91c7",
        "android_client_info": {
          "package_name": "com.example.whatsapp"
        }
      },
      "oauth_client": [],
      "api_key": [
        {
          "current_key": "AIzaSyA-jGVhvd1XZDttL7CFAznq3Dzm9TsAuNU"
        }
      ],
      "services": {
        "appinvite_service": {
          "other_platform_oauth_client": []
        }
      }
    }
  ],
  "configuration_version": "1"
}